# 894–996: синонимы регионов для карты (традиционные иероглифы) — не видны, оставлены
767	Сложность
768	Многослойность
769	Шелковистость
770	Округлость
771	Гладкость
772	Живость
773	Сдержанность
774	Элегантность
775	Дикость
776	Ароматность
777	Мягкий аромат
778	Деликатность
779	Лёгкость
780	Тяжесть
781	Минеральность
782	Морская соль
783	Дым
784	Карамелизация
785	Резина
786	Скунс
787	Нефть
788	Медицинские ноты
789	Фенольность
790	Мясные ноты
791	Бульон
792	Затхлая земля
793	Затхлая пыль
794	Сырость
795	Древесный привкус
796	Фильтровальная бумага
797	Картон
798	Окисленность
799	Солёность
800	Горечь
801	Кислотность
802	Умами
803	Сладкий вкус
804	Шершавость
805	Песчанистость
806	Пыльность
807	Мелкая землистость
808	Гладкое тело
809	Бархатистость
810	Шёлковость
811	Сиропистость
812	Маслянистость
813	Металличность
814	Сухость во рту
815	Лайм (кислый)
816	Виноград
817	Груша (сорт)
818	Какао
819	Злаки / обжарка
820	Зерновые
821	Хлопья
822	Жареный грецкий орех
823	Алкоголь / ферментация
824	Цветочный чай
825	Белый чай
826	Зелёные / овощные
827	Ноты сена
828	Освежающе
829	Эфиопия мытая гейша
830	Основное
831	Подробности
832	Вкусовой профиль
833	Не удалось обработать фото, попробуйте другое
834	Не удалось обработать фото сзади, попробуйте другое
835	Быстро сохранить
836	Готово
837	Бона
838	Эфиопия Сидамо
839	 логотип обжарщика
840	 сзади
841	Заморожено
842	Отдых
843	Отдых 
844	 дн.
845	Лучший период
846	Лучший период 
847	Угасание
848	Выдохлось
849	Отдых
850	Отдых 0 дн.
851	 ₽ (
852	 ₽/г)
853	 ₽/г
854	Включить
855	Понятно
856	Закончившееся зерно уходит в архив. Нажмите на категорию зерна,
857	откройте фильтр и включите
858	«Показывать закончившееся»
859	Запасы
860	Закончившееся зерно
861	[ Загружаем фото зерна ]
862	[ Нет зерна с фото ]
863	Открыть 
864	 подробнее
865	Зелёное зерно
866	[ Ничего не найдено по «
867	» среди 
868	[ Нет зерна сорта 
869	 среди 
870	[ Всё 
871	 закончилось, нажмите «Закончилось», чтобы посмотреть ]
872	[ Пока нет 
873	, добавьте кнопкой ниже ]
874	Не получилось, попробуйте ещё раз
875	Ошибка обжарки: 
876	Не удалось списать: 
878	Неизвестная ошибка
879	Ошибка: 
880	Нет зерна для экспорта
881	Не найден компонент экспорта
882	Картинка списка готова, нажмите «Поделиться» ещё раз
883	Отправка отменена
884	Картинка списка готова
886	Не удалось создать картинку
887	Ошибка отрисовки, проверьте, что фото зерна отображаются
888	Ошибка сети, проверьте, что фото загружаются
889	Фото грузятся слишком долго, попробуйте ещё раз
893	Списать
997	Сбросить
998	Динамика расхода
999	Обжарено
1000	Всего обжарено
1001	∑ веса по каждой обжарке
1002	Учтённые обжарки
1003	 шт.
1004	Дней в статистике
1005	 дн.
1006	Записей мало, данные приблизительные
1007	Расходы
1008	Всего потрачено
1009	∑ (обжарено × цена зелёного / вес)
1010	Зелёное с ценой
1011	 шт.
1012	 шт. зелёного без цены, в расходы не вошли
1013	Обжарка в день
1014	Всего обжарено ÷ дней
1015	Период короткий, среднее может сильно колебаться
1016	Расход в день
1017	Всего потрачено ÷ дней
1018	Обжарено сегодня
1019	∑ веса сегодняшних обжарок
1020	Обжарки сегодня
1021	Потрачено сегодня
1022	∑ сегодня (обжарено × цена зелёного / вес)
1023	Всего осталось
1024	∑ остатков по каждому зелёному
1025	Видов зелёного
1026	Стоимость остатка
1027	∑ (остаток × цена / вес)
1028	С ценой
1029	Всего куплено
1030	∑ купленного веса каждого зелёного
1031	Сумма веса всего купленного зелёного
1032	Общая стоимость
1033	∑ цен покупки каждого зелёного
1034	Доля обжаренного
1035	(обжарено ÷ всего куплено) × 100%
1036	Обжарено
1037	Всего куплено
1038	Какая доля зелёного зерна уже обжарена
1039	Не закончилось / всего
1040	Всего
1041	Сколько всего видов зелёного
1042	Не закончилось
1043	Видов зелёного с остатком > 0
1044	Осталось
1045	Обжарка в день
1046	Закончится
1047	Зелёное
1048	Обжарено
1049	Кол-во
1050	Не закончилось / всего
1051	Для эспрессо
1052	Для фильтра
1053	Омни
1054	Итого
1055	Происхождение
1056	Страна
1057	Регион
1058	Ферма
1059	Станция обработки
1060	Высота
1061	Разновидность
1062	Обработка
1063	Партия
1064	Изменить
1065	Блоки статистики
1066	[ Добавьте зелёное зерно — и здесь появится статистика ]
1067	Обзор
1068	Сегодня
1069	Запасы
1070	День
1071	Месяц
1072	Для эспрессо
1073	Для фильтра
1074	Омни
1075	Частые рецепты
1076	Самое дорогое
1077	Самое дешёвое
1078	Лучшее зерно
1079	Худшее зерно
1080	Карта кофейных регионов
1081	Вкусы
1082	Без категории
1083	Расход
1084	Всего израсходовано
1085	∑ дозы кофе по каждой заварке
1086	∑ (куплено − остаток)
1087	∑ дозы кофе по всем заваркам
1088	Учтённые заварки
1089	Видов зерна
1090	Заварок пока нет, оценка по изменению остатков
1091	По всем заваркам, так же как в статистике по месяцам и дням
1092	∑ (доза × цена / вес)
1093	∑ (расход × цена / вес)
1094	∑ по каждой заварке (доза × цена / вес)
1095	Зерно с ценой
1096	 шт. зерна без цены, в расходы не вошли
1097	Расход в день
1098	Всего израсходовано ÷ дней
1099	У части зерна нет цены, реальные расходы могут быть выше
1100	Средний расход
1101	Всего израсходовано ÷ 
1102	 
1103	Статистика 
1104	По календарным месяцам в выбранном периоде
1105	Период короткий, среднее может сильно колебаться
1106	Средняя цена грамма
1107	Учтённые расходы ÷ учтённый расход
1108	Учтённые расходы
1109	Учтённый расход
1110	У части зерна нет цены, средняя цена грамма — только по учтённому
1111	Расход сегодня
1112	∑ дозы кофе сегодняшних заварок
1113	Заварки сегодня
1114	∑ сегодня (доза × цена / вес)
1115	∑ остатков по каждому зерну
1116	У части зерна нет цены, в стоимость не вошло
1117	∑ купленного веса каждого зерна
1118	Сумма веса всего купленного зерна
1119	∑ цен покупки каждого зерна
1120	У части зерна нет цены, в общую стоимость не вошло
1121	Сумма цен всего купленного зерна
1122	Сколько всего видов зерна
1123	Видов зерна с остатком > 0
1124	По дате добавления зерна в выбранном периоде
1125	По дате добавления зерна в выбранном периоде
1126	В день
1127	Зерно
1128	Доза
1129	Расходы
1130	Кол-во
1131	Частые рецепты
1132	Раз
1133	Лучшее зерно
1134	Оценка
1135	Худшее зерно
1136	Самое дорогое
1137	Цена грамма
1138	Самое дешёвое
1139	Обжарщик
1140	Вкусы
1141	[ Добавьте обжаренное зерно — и здесь появится статистика ]
1142	[ Добавьте зерно — и здесь появится статистика ]
1143	Статистика по годам
1144	Статистика по месяцам
1145	Статистика по дням
1146	По годам
1147	По месяцам
1148	По дням
1149	В этом году
1150	 г.
1151	В этом месяце
